{"cameraMode":{"drawMode":0,"name":"Shaded","section":"Shading Mode"},"sceneLighting":false,"audioPlay":false,"sceneViewState":{"showFog":true,"showMaterialUpdate":false,"showSkybox":false,"showFlares":true,"showImageEffects":true,"showParticleSystems":true},"in2DMode":false,"pivot":{"x":3.0799999237060549,"y":4.709140777587891,"z":0.019999921321868898},"rotation":{"x":-0.14232037961483003,"y":0.6489657163619995,"z":-0.12535402178764344,"w":-0.7368032932281494},"size":0.9555197954177856,"orthographic":false}